{
  "agent_name": "TechnicalAnalyst",
  "ticker": "AAPL",
  "analysis_date": "2025-12-30",
  "signal": "neutral",
  "confidence": 0.5,
  "summary": "Technical indicators are mixed, without a strong directional edge.",
  "bullish_factors": [
    "The 20-day moving average is above the 50-day moving average.",
    "The 12-day EMA is above the 26-day EMA, supporting positive momentum.",
    "The stock has positive 5-day return momentum."
  ],
  "bearish_factors": [
    "Price is below the 20-day moving average.",
    "MACD is below its signal line, indicating weakening momentum.",
    "The stock has negative 20-day return momentum."
  ],
  "risk_flags": [
    "Low relative trading volume"
  ],
  "key_metrics_used": {
    "close": 272.82470703125,
    "sma_20": 275.93080444335936,
    "sma_50": 272.13762756347654,
    "ema_12": 273.65026055629346,
    "ema_26": 273.5715816086055,
    "rsi_14": 39.13052632601861,
    "macd": 0.07867894768793349,
    "macd_signal": 0.8088991081073241,
    "return_5d": 0.007786857710495143,
    "return_20d": -0.035393915093835715,
    "volatility_20d": 0.006813281410852802,
    "volume_ratio_20d": 0.5205352393323909
  }
}