{
  "agent_name": "TechnicalAnalyst",
  "ticker": "AMZN",
  "analysis_date": "2025-12-30",
  "signal": "bullish",
  "confidence": 0.66,
  "summary": "Technical indicators are broadly supportive, with stronger bullish than bearish evidence.",
  "bullish_factors": [
    "Price is above the 20-day moving average.",
    "The 12-day EMA is above the 26-day EMA, supporting positive momentum.",
    "MACD is above its signal line, indicating positive momentum.",
    "The stock has positive 5-day return momentum."
  ],
  "bearish_factors": [
    "The 20-day moving average is below the 50-day moving average.",
    "The stock has negative 20-day return momentum."
  ],
  "risk_flags": [
    "Low relative trading volume"
  ],
  "key_metrics_used": {
    "close": 232.52999877929688,
    "sma_20": 228.9525001525879,
    "sma_50": 231.15000030517578,
    "ema_12": 230.02302397308114,
    "ema_26": 229.6489303580453,
    "rsi_14": 58.67520133050707,
    "macd": 0.37409361503583227,
    "macd_signal": -0.4614814134588709,
    "return_5d": 0.017948632994682523,
    "return_20d": -0.005772216843385358,
    "volatility_20d": 0.010979014079767842,
    "volume_ratio_20d": 0.6080568890704476
  }
}