{
  "agent_name": "TechnicalAnalyst",
  "ticker": "BRK.B",
  "analysis_date": "2025-12-30",
  "signal": "bullish",
  "confidence": 0.82,
  "summary": "Technical indicators are broadly supportive, with stronger bullish than bearish evidence.",
  "bullish_factors": [
    "Price is above the 20-day moving average.",
    "The 20-day moving average is above the 50-day moving average.",
    "The 12-day EMA is above the 26-day EMA, supporting positive momentum.",
    "MACD is above its signal line, indicating positive momentum.",
    "The stock has positive 5-day return momentum."
  ],
  "bearish_factors": [
    "The stock has negative 20-day return momentum."
  ],
  "risk_flags": [
    "Low relative trading volume"
  ],
  "key_metrics_used": {
    "close": 503.7099914550781,
    "sma_20": 500.2774993896484,
    "sma_50": 497.8632000732422,
    "ema_12": 500.8179982679124,
    "ema_26": 500.52125107397666,
    "rsi_14": 61.602414647972445,
    "macd": 0.2967471939357438,
    "macd_signal": 0.2750890198432423,
    "return_5d": 0.00752071038352109,
    "return_20d": -0.009517247967885112,
    "volatility_20d": 0.008985136396693271,
    "volume_ratio_20d": 0.6516018461040188
  }
}