{
  "agent_name": "TechnicalAnalyst",
  "ticker": "GOOGL",
  "analysis_date": "2025-12-30",
  "signal": "bullish",
  "confidence": 0.66,
  "summary": "Technical indicators are broadly supportive, with stronger bullish than bearish evidence.",
  "bullish_factors": [
    "Price is above the 20-day moving average.",
    "The 20-day moving average is above the 50-day moving average.",
    "The 12-day EMA is above the 26-day EMA, supporting positive momentum.",
    "The stock has positive 5-day return momentum."
  ],
  "bearish_factors": [
    "MACD is below its signal line, indicating weakening momentum.",
    "The stock has negative 20-day return momentum."
  ],
  "risk_flags": [
    "Low relative trading volume"
  ],
  "key_metrics_used": {
    "close": 313.6292419433594,
    "sma_20": 312.1051391601562,
    "sma_50": 295.1345104980469,
    "ema_12": 311.17117003479296,
    "ema_26": 306.8397285901883,
    "rsi_14": 46.44512488194111,
    "macd": 4.33144144460465,
    "macd_signal": 5.337615536443879,
    "return_5d": 0.013138460901463311,
    "return_20d": -0.0026508304576779995,
    "volatility_20d": 0.014023578227819423,
    "volume_ratio_20d": 0.5600888104046093
  }
}