{
  "agent_name": "TechnicalAnalyst",
  "ticker": "XOM",
  "analysis_date": "2025-12-30",
  "signal": "bullish",
  "confidence": 0.95,
  "summary": "Technical indicators are broadly supportive, with stronger bullish than bearish evidence.",
  "bullish_factors": [
    "Price is above the 20-day moving average.",
    "The 20-day moving average is above the 50-day moving average.",
    "The 12-day EMA is above the 26-day EMA, supporting positive momentum.",
    "MACD is above its signal line, indicating positive momentum.",
    "The stock has positive 5-day return momentum.",
    "The stock has positive 20-day return momentum."
  ],
  "bearish_factors": [],
  "risk_flags": [
    "Low relative trading volume"
  ],
  "key_metrics_used": {
    "close": 120.18889617919922,
    "sma_20": 117.19336318969727,
    "sma_50": 115.6663917541504,
    "ema_12": 118.02547644112984,
    "ema_26": 117.02578461525363,
    "rsi_14": 59.24425730388029,
    "macd": 0.9996918258762122,
    "macd_signal": 0.7305924632582951,
    "return_5d": 0.024037256772935,
    "return_20d": 0.03738317387749235,
    "volatility_20d": 0.01239756169482038,
    "volume_ratio_20d": 0.6936487022819086
  }
}